url_path,views_total,views_unique
/razterizer/Pilot_Episode/blob/main/.github/workflows/build-windows.yml,28,1
/razterizer/Pilot_Episode,25,4
/razterizer/Pilot_Episode/actions,25,1
/razterizer/Pilot_Episode/edit/main/.github/workflows/build-windows.yml,22,1
/razterizer/Pilot_Episode/actions/workflows/build-ubuntu.yml,6,2
/razterizer/Pilot_Episode/blob/main/Pilot_Episode/pilot_episode.cpp,4,1
/razterizer/Pilot_Episode/blob/main/Pilot_Episode/TitleScreen.h,4,1
/razterizer/Pilot_Episode/commits,4,1
/razterizer/Pilot_Episode/edit/main/README.md,4,1
/razterizer/Pilot_Episode/actions/workflows/build-macos.yml,3,1
